{"1": [[0, 40.22318, 28.85092], [18, 40.2201, 28.8494], [16, 40.2206, 28.8436], [7, 40.2293, 28.8359], [8, 40.2269, 28.8347], [0, 40.22318, 28.85092]], "2": [[0, 40.22318, 28.85092], [19, 40.2241, 28.8434], [11, 40.2231, 28.8372], [12, 40.2212, 28.8375], [13, 40.2209, 28.8387], [0, 40.22318, 28.85092]], "3": [[0, 40.22318, 28.85092], [20, 40.2268, 28.8404], [3, 40.2322, 28.8431], [17, 40.2336, 28.8459], [15, 40.2264, 28.8523], [0, 40.22318, 28.85092]], "4": [[0, 40.22318, 28.85092], [1, 40.2278, 28.8496], [10, 40.2255, 28.8317], [9, 40.2255, 28.835], [5, 40.2214, 28.8404], [0, 40.22318, 28.85092]], "5": [[0, 40.22318, 28.85092], [14, 40.2299, 28.8516], [2, 40.2291, 28.8469], [4, 40.2299, 28.8396], [6, 40.2315, 28.8335], [0, 40.22318, 28.85092]]}